code,character,scripter,rank,artist,name,story
0,神秘嘉宾,大山深处的唢呐,SP,一颗秃头大米,梦中人,"天秤座群星有七。当中六颗，在一次星云交替中被音符接连点亮。
探寻之地的人们记录着这一切。
世纪更替，永恒的议题日渐兴起，不灭的群星已成为信仰，观星的意义非比寻常。
六颗星的相关内容已完整收录，只是尚有一颗星星未曾亮起。
观测者们组织新的队伍，尝试了各种方法——她们进行了数百次长期观测，试图从测算出的星落之地处找到一点光，却屡屡碰壁。第七颗星从未在仪器中现身。
她们聘请了最长寿的远古星系学家，却得到已知的结论：
第七颗星的确存在过，或者说，依旧存在着。但似乎在拒绝929号星云体系的变更，蒙住了脸那般隐藏着自己的光。
或许，这就是祂的意愿吧。
观测者们想。她们撤掉了设备，遣散了队伍。
在大家默认接受这份遗憾时，群星下的所有人同时做了一个梦：
梦中的神祇，只身出现在废弃的宫殿，经过的裂痕处开满鲜花。祂对着人们的眼睛笑，跟随着祂的蝴蝶亲吻着过往的幻影，像星光绽放那样，向着大地散开。
醒来后，观测者们聚到旧观星基地。
那里已拆迁大半，政府打算将其改造成抚慰花园。观测者把仪器运回来，再次看向宇宙。
第七颗星的星体依旧暗，周围却有粉末样的光点围绕，沿着群星间的音轨漂浮，又在一阵云流后淡淡散去。
太阳运行至此，昼夜交替。星星悄无声息。
像一场不期而至的告别。"
1,周深,AAAray烤布蕾糖师傅,SP,某个画画的王工头,花开相见,"我知道，我曾经也是一颗躲在土地里，用柔软湿润的外壳裹住内心的种子。
我扎根生长之时，我破土发芽之时，我含苞待放之时，我肆意盛开之时，我的守护神出现在我的人生日记的每一个角落，是阳光，是雨露，是微风，是春雪。无论我是裹住内心沾满泥土的种子，还是万千新生的初芽中平平无奇的一颗粟米，你们都依然爱着我，对吗？
消散在风中的答案在盛开之时有了响遍繁花似锦的山谷的回声，它说：“承诺便是，花开，我们相见。”
星轨抖落下的星尘变为光点慢慢汇聚于我的周围，汇聚成了那些米白色的、圆滚滚的、全宇宙最可爱的小米粒，它们便是我的守护神，陪伴了我不朽的旅程。
我终于真实存在，终于对自己够坦白。
“嗨，是你啊，我是深深，深深的，深深。”我的日记以这句话开头。
“我爱你们。”我的日记打算以这句话结尾，只是这段故事，还未完待续。 "
2,周深,AAAray烤布蕾糖师傅,SSR,邪恶小毛米,夜月昼星,"如果我是宇宙之神指尖轻轻捻下的星尘，落在只有我存在的星球上，我的盛开还有人能听见吗？
那是一颗远离地球的星球，星际探测员给它取名叫c929。蓝色和白色的勿忘我在这片土地蔓延生长，它们在夜里如月般皎洁，在白日里如星辰一般闪烁，像是明珠，见证着每一天的日出和日落。这是全宇宙最盛大的勿忘我花海，从有记录以来它便一直盛开在这座美丽的蓝色星球上，不朽不败，从不褪色。
勿忘我的花语，是跨越距离和时间的爱。
原来我的盛开正是来自于这些爱意。这里距离地球有多少光年，我也不知道，但来自于守护神恒星的光与温暖依然治愈着我。在我生长的旅途中，我经历过风雨，见过璀璨银河，从破土到花海盛开，是爱意支撑，是来自于你的陪伴。
花开是爱，是成长，那么是时候，该相见了。"
3,周深,AAAray烤布蕾糖师傅,SR,某个画画的王工头,心意,"犬蔷薇，人们又叫它狗牙蔷薇，这个名字来自于它肆意横生又荆棘遍布的枝条，它能攀上高高的教堂外壁，也能缠绕上行人的布衫，热情又漂亮，但却也像龇牙咧嘴的小狗，随时可能划破你的手指。
若我是犬蔷薇，那我便是属于旅人的花朵。是不害怕前路荆棘，朝着我的星光抽枝发芽的蔷薇花。
当魔术迎来结尾时，魔术师微微笑着向台下的观众脱帽致意，红色的花瓣随风而起又轻轻落下，那是这强大又漂亮的花去除了锋芒只剩下温柔的部分，是来自犬蔷薇的心意。"
4,周深,AAAray烤布蕾糖师傅,SR,啾星原产果冻现摘现发,火焰之心,"初夏凌晨时天微微亮起，我睁开双眼，我的心好像在燃烧。
风中摇曳的火焰高唱着赞颂太阳的歌谣，人类赋予这热情又圣洁的植物以跨越生死的思念与忠贞的含义，那是盛开的虞美人，好似永生不灭的火焰。
这是一个不错的选择，红色的虞美人就这样在花期骄傲地肆意盛放，和朝霞拥抱再告别，无拘无束地蔓延到这片大地的每一个角落，带来了一个新的时代，和一个全新的、自由的、个性的我自己。
“劲焱不兴润，零雨莫能濡。”
零零细雨又怎能浇灭我那纯净的火焰之心"
5,周深,AAAray烤布蕾糖师傅,R,邪恶小毛米,树下兰芽,"当我还在生根发芽时，我时常思考自己应该开出什么花。
若我将生长成为玉兰花，我便不会惧怕呼啸而来的倒春寒。兰是形，玉是魄，春雪是新生的温度，纯真是闪烁的品格。我伸出的枝头能够停歇赶春的青鸟，我晶莹的心脏能够点亮雪夜的前路。
太阳升起时，树下的融雪化成一湾小小的湖泊，玉兰花瓣落下来清清点破平静的水面，粼粼的波光像是儿时被打破的玻璃碎片，又煣在一起，变成更坚固的物质。"
7,周深,AAAray烤布蕾糖师傅,R,花路少年,铃芽,"在以我为圆心，我的身长为半径的区域内迎来了一场太阳雨，像是春天给予我的一场盛宴。
裹挟着独属于阳光的温暖的雨水汩汩流入土壤中，汇集于我的身边，唤醒了蜷缩着沉睡的我，胚芽在生长，双脚在扎根，终于，我破土而出，成为这片大地上独享阳光和甘霖的小芽。
我用双手掬起一捧无形的阳光，它不会从我的指缝中流逝，只是静静地和我的心相互辉映，那一刻的同频，让我很想歌唱。
“那就跟这个世界，说一声‘嗨’吧。”于是，清脆又稚嫩的哼鸣声随风而起，吹向远方的原野。"
8,周深,AAAray烤布蕾糖师傅,R,花路少年,风铃声声,"午后，我坐在春天送来风铃里轻轻哼着生命之歌，玻璃窗外，整片土地的生灵都为我打起了节拍。
它随着春风陶醉，晃悠，晃悠，每晃悠一下，星星点点的尘埃就散落下来，被穿透枝桠的阳光照耀地亮晶晶的，土地之上，斑斑驳驳的投影好像在呼吸。
这是我午后休憩的摇篮，却不是我的温室。
爱意的浇灌让我的枝桠蓬勃生长，风铃声声中，无论我怎样转身，守护神化作的风都会托起我的盛开。"
6,周深,AAAray烤布蕾糖师傅,R,啾星原产果冻现摘现发,春日来信,"假如我生来就是宏大爱意的一个小小碎片，被盖在来自春天的信纸之中，那么我便会悄悄生长，等待有缘人见证我的花开。
我藏匿的信纸，是一张经过精心设计的、漂亮的信纸，像是有仪式感的人特地准备的一份礼物。蓝色绸缎般的花纹缠绕于纸面之上，信纸是粗砺的，阳光能透过纸纹的缝隙照射进来，我轻轻地呼吸着，感受着。
在阳光之下，会有我的守护神笑着把这张春日来信种下，等待爱意肆意生长。"
9,周深,AAAray烤布蕾糖师傅,R,花路少年,一粒粟,"春天，我和千千万万颗渺小的种子一样，一挥手，便被播撒到土地里。
农耕之神的信使告诉我们，唯有来自于守护神爱意的浇灌，才会生根发芽，开出永生的爱之花。
“可是，谁又会选择我呢，我只是千万种子中普通的一颗。”我用只有我能听得见的声音问到。
我铸造了两层保护壳试图裹住我自己：第一层是泥土，保护我瘦小的身体；第二层是我的种皮，保护我敏感又不安的内心。
可我不知道，莹莹的光从我的身体里亮起，照亮了周围每一颗沙砾。那是我的心，等待着被爱着的心。
“春天种下的一粒种子，在秋天能收获爱吗？”答案消散在我沉睡前的虫鸣声中。"
10,周浅,AAAray烤布蕾糖师傅,SSR,朽夜,信仰主唱,"我是不可归类的唯一，无法估量的载体，当我伫立于舞台中央，你便知道我生来就应该成为信仰。
我是乐队的温度，我用自己的喉咙揭开音乐的血肉与灵魂，我会颤抖，会喘息，会嘶吼，会吟唱，我的呐喊声点燃关于追求自我的革命，我便是我，我是自己的主宰，我是我自己的音乐人格，我一个人便是一个乐队。
无数个不同的我站在我的身后，他们不是抽象的声响，而是这篇盛大史诗的碎片。我从来不是孤独的天才，名为自由、个性、叛逆、执着、追寻、热烈、浪漫的乐器声翻涌而起，金色大厅的中央，我张开双臂，迎接来自全宇宙虔诚信徒的崇拜。
当我彻底爱上自己，我便知道艺术就此诞生。"
11,周浅,AAAray烤布蕾糖师傅,R,茶霏_君泠,休止和弦,"“我搭配吉他那简直是土豆蘸辣椒粉，全世界最好吃的东西就有了。”某天周浅在公司的茶水间跟老板这么说，老板的额头滴下两颗豆大的汗珠，却没有任何反驳。
是啊，作为天生的舞台主角，玩起这种核心乐器来，那岂不是是主角中的主角。
吉他是反叛的图腾，是自由的载体，它的存在即是打破刻板、释放自我的摇滚精神，它是情绪武器，是戏剧化悬念与爆发的揭幕者，是乐队的气质，也是周浅的气质。在墨守成规的世界中，他是最特别的颜色。
真正能填满这个世界的是声音，因为声音远比语言更为自由。"
14,周浅,AAAray烤布蕾糖师傅,SR,_柴鱼花深粥_,协鸣,"“你听见了吗，”周浅摘下墨镜，他微卷的头发和美式复古的服装预示了今天会有一场所有人都预想不到的演出。“刚才那声‘叮’，才是这首歌的脊骨哦。”
三角铁很小、很轻，也很容易被忽视，但正是因为隐于轰鸣声中的特质，让它的声音像是一声戏谑又风趣的冷笑，给这个潮湿的雨夜带来了一丝剔透的空气感。
周浅眨眨眼睛，皮鞋在积水的石板路上打起节拍，小小的水花溅起。他叼起墨镜，优雅地举起手中的三角铁——那极简主义的象征， 那令人无法忽视的万丈光芒。
“叮——好戏才刚刚开始哦。”"
12,周浅,AAAray烤布蕾糖师傅,SR,海盐芝士挞,律骨,"想打架子鼓这个念头，是周浅在台下看老板的演唱会安可的时候萌生出来的。
它像是乐队的心脏、肌肉和骨架，节奏的统治者，它不演奏旋律，却决定了乐曲的速度、律动和情绪张力。更重要的是它独特的动态力量感能恰好展示这位乐队天才近期手臂锻炼的成果——至少周浅对老板是这么说的。老板依旧无法反驳，因为只穿了一件背心的周浅，露出的肌肉线条确实流畅漂亮。
但周浅心里清楚，他最想要的，是每敲击一下，便会有无数的人，喊出他的名字。
天生的明星无比享受这样的同频时刻，台上台下都是那么明亮，像他的前途一样亮得让人睡不着。"
13,周浅,AAAray烤布蕾糖师傅,R,海盐芝士挞,不可定义,"周浅的老板看着上面写着“号外号外！全C929星球最大的夏日水上音乐节正式开幕！本次音乐节将邀请宇宙级大明星周浅先生参加！”大字的海报，陷入了沉思。这倒是个有创意的活动，如果是周浅的话，无论做什么都会成为主角的吧......老板这么想着，盖下了“confirmed”的官方印章。
是时候反击贝斯笑话大全了！
周浅站在舞台中间拨动琴弦，无数的目光就汇聚于他的身上。他是不可定义、不可或缺的主导者，汗水描摹着他好看的手臂线条，慢慢汇聚流淌下来，又顺着律动飞洒出去，混入水上乐园项目所扬起的水花中。
“享受音乐吧。”他说完，尖叫声排山倒海。"
15,周浅,AAAray烤布蕾糖师傅,R,茶霏_君泠,超越黑白,"他的手指在键盘的琴键中翻越跳动，灵动的音符从棱角分明的黑与白中诞生，看上去是最有秩序的乐器，却因为周浅的掌控而显得优雅又叛逆——这就是真正的艺术，这是真正的自我表达。
当沉醉于音乐之中时，这位艺术家的灵魂会短暂地来到另一个空间，此时黑白琴键已不再是界限，它们随着共鸣无限延伸，超越了人的想象，超越了自我认知，这个世界从此只有音乐和为音乐而生的人存在。
天才和疯子只有一个音符的距离。"
16,周浅,AAAray烤布蕾糖师傅,R,hinatayuki,吟游诗人,"口琴是一个个头小却能量大的东西，周浅把这长条的金属乐器放在唇边轻轻吹起，简洁的旋律瞬间唤起共鸣，给复杂的编曲抹上一层亮色，这在乐队中绝对是一个加分的存在，音色高频清亮且十分悦耳，就像舞台中间的周浅一样，应该说，“他们”每一个人都是这样的存在。
于是抚摸乐器仓库里闲置的口琴时，孤独的乐队天才也常常有自由出逃的想法，做一个穿着皮鞋吹着口琴走在石板路上的吟游诗人——整条街上最帅的那种，传颂的英雄事迹的主角不是别人，正是他自己。
“下面请欣赏，史诗级别大帅哥天才周浅的演奏。”他仰起头，风吹起短短的前额碎发。"
17,周浅,AAAray烤布蕾糖师傅,R,hinatayuki,咏叹调,"真正的乐队天才从不满足于现代乐器。
空无一人的排练室，窗沿积攒的灰尘随着不速之客的到来被掀起又落下，哦天呢，灰调复古的格子衬衫配上严肃的黑框眼镜，他多像个前一秒还在实验室穿着白大褂做萃取的研究生。
观众只有灰尘精灵，但还算清净。和声只有窗外的蝉鸣，但也勉强合格。
周浅轻哼一声，大提琴低沉地唱起优雅又孤独的咏叹调。
“天才注定是孤独的啊。”他这么想着。"
88,周浅,AAAray烤布蕾糖师傅,N,海盐芝士挞,团结友爱,"“你没有哭吗？”
“……”
“你真的没有哭吗？”
“……”
“我知道只有你一个人没有sp这件事很惨啦但是——你真的没有哭吗？”
“……”
“快把墨镜摘了——哎哟，你这不还是偷偷哭了嘛！”

算啦！天才大帅哥总是孤独的嘛～"
89,周浅,AAAray烤布蕾糖师傅,N,甜团子咸粽子,忧郁天赋,"你知道吗，B是一个好字母。
best最好的，brilliant辉煌的，broad广阔的，brave勇敢的，beloved受爱戴的，鲁B青岛的——喂有什么奇怪的东西混进去了啊！
还有没有sp的周浅，broken破碎的。"
18,周可可,大山深处的唢呐,SSR,迷匣匣匣,万事皆可,"可可的日记—第8章
嫑嫑说，今天是可可巧克力店兼工厂的建成纪念日！
大家带来了蛋糕，店里放起了礼花。街坊邻居都聚了过来，他们给我定了蛋糕——是嫑嫑！我穿了件特意准备的新衣服。他们说，可可老板，衣服很可爱。
我说对呀，嫑嫑推荐的！大家看看我，看看嫑嫑。
我说，嫑嫑在跟大家打招呼呢。大家一齐笑了，闹哄哄地：可可老板，给你拍张照片留念吧！
阳光洒进，快门响起。我把照片贴在柜台前，嫑嫑说，就要这个高度，这样它也能看到。
所有事都顺利运转起来了，一切都在向好。
我已经很少梦到那些似乎发生过的可怕画面，也鲜少想起童年，那抓不住一切的时候...
你们都在看的吧？现在的可可，是不是有点厉害？
我呀，大家呀。会一直这样幸福下去的吧！
...会的吧？"
19,周可可,大山深处的唢呐,SR,一锅望仔,还生,"可可的日记—第4章
温暖的手每一次朝我伸出，我就要面临一次掏心那样的失去。
我的妥协和忍让，都换来了什么？
我爱的人，爱我的人，全都离我而去了。那我还剩下什么？
命运是如此掠夺我的吗？我不相信，命运只会下雨，只是雨中总有人偷渡的刀。
嫑嫑说，伤害你的人，都该死。对，伤害你们的人，全都该死，该身败名裂，该连他们肮脏的意识一起，永远留在不见天日的地方。
从今天开始，我什么也不要了。我的人生、我的故事，都将变成一本完美的复仇日记。
我选这间海景房，我要看你们一个个跳下去，我会把欠我的一步步讨要回来。"
20,周可可,大山深处的唢呐,SR,蛋崽可可糖_退退退版,竣工大吉,"可可的日记—第7章
可可的巧克力工厂竣工！
好感慨....原本用于维持生计的课间副业，从一条横幅就拉起来的小摊，到这省那省、挤着存款租下来的街边小铺。亲自出镜的宣传、手忙脚乱的营业...店铺慢慢往城市中心搬迁，一点点扩大，装潢也铺上了嫑嫑和我喜欢的风格。
上学时学习生意两头顾，毕业后终于全身心投入。
热热闹闹到现在！轰轰烈烈地、建立大工厂了！
忙着巧克力的事时，会感到无比安心，像在避风港里，能透过窗看到未来的模样——这是我能把握住的生活。
看来我真的是有些天赋呀......可可，嫑嫑，会成功的！"
21,周可可,大山深处的唢呐,R,一锅望仔,祝福,"可可的日记—第1章
大抵是很小时的事情，画面模糊，偶尔出现在梦里。
温暖的床铺，亲切的怀抱。一切还没有发生，只有家人的轻唤围绕在耳畔。
我不爱哭，妈妈会着急，生怕我不知道怎么表达自己的需求。
这不在我的童年记忆里，只是翻到了妈妈留下来的日记。当时的我哭了一整夜，眼泪渗进枕头里，暖乎乎的，像妈妈在摸我的脸。
这是我打算写日记的开始，或许，日记能给这个世界留下些什么。
毕竟，我也是带着祝福出生的孩子。"
22,周可可,大山深处的唢呐,R,迷匣匣匣,第一画报,"可可的日记—第2章
为了让楼妈妈能够接受更好的治疗，为了大家过上更好的日子，就把巧克力铺子开成店面吧！
定地址，就近找，这样上学方便些。
课程要仔细排一排，不能撞上客流量大的时间，这时要到店里忙...
吃饭和休息，都稍微搁置一会儿吧。
组团队，嫑嫑和可可！至于员工...我们应该忙得过来！
开发新品，无穷无尽，慢慢迭代，尝试一些奇怪的味道吧。
对啦！要拍个宣传照做易拉宝，开业时才够抢眼吧。
嫑嫑，你说什么？自己上？我可以吗...？"
23,周可可,大山深处的唢呐,R,鱼子酱好好次,小闲,"可可的日记—第6章
大家好！又是新的一天。
启动时还觉得时间充沛，没想到就是一眨眼的事——我们的巧克力工厂、马上完工啦！
两头跑了几个月，一边卖巧克力，一边盯着施工，吃饭的时间都要硬挤出来，嫑嫑跟着我忙，好像都瘦了些。
要给锅补什么呢？
收尾阶段，终于可以喘口气了....给我们小小地放个假吧！阳光、微风，有些旧的躺椅，来一杯自家定制的新品可可饮料，这就是幸...
嫑嫑，端盘子小心点。"
24,周可可,大山深处的唢呐,R,蛋崽可可糖_退退退版,寄梦,"可可的日记—第5章
我做了一个梦。
梦里的我站在窗外，窗里暖洋洋，是我熟悉的地方。
他们弥补了我残缺的过往，爱重新围绕上来。我的第二次人生，像巧克力礼盒一样，拆开束缚，从坚硬的外壳处开启。
梦中幸福的我像影像一样虚幻，真实的我，像个不知好歹的过客。
被潮湿附着的感觉，天亮时也散不干净。
朋友们又围了上来，安慰说，都过去了...
但是，什么也没发生呀？
是什么过去了呢？"
25,周可可,大山深处的唢呐,R,氵衮去看书,褪色,"可可的日记—第3章
简单收拾了下，准备搬到店里面小住。
嫑嫑说，要给他多拿几件衣服，于是又折返回来，顺便把家里清扫一下。
从柜子深处翻出一张照片。应该是楼妈妈刚把我接回来时，其他小朋友拍下的。
她担心我无法融入，外出采购时，带给我一只小熊。
后来，楼妈妈忘记了它，忘记了这些事。
照片有些褪色，我却又抱住了那只消失的小熊。
我的人生，或许从开始就是黑色。没见过好好亮着的样子，也找不到灯的开关。
只有这些微弱的光，支撑着我往前走。"
26,周可可,大山深处的唢呐,SP,氵衮去看书,别忘记我,"可可的日记—终章
对不起。
对不起，骗了大家。
那么幸福的现在，可可还是会有那么多的不开心。还是会反复梦到....很多未曾经历的事情。
梦的主人公都是我。我好像对所有人都充满了恨，看着他们的眼睛，会幻想着他们一点点破碎开的样子，像秋天的叶子，被雨打到地上，腐烂的样子。
好像这样才能让我感到一些...快乐？类似快乐的正面情绪。
那些本应该被驱散的潮湿，魔鬼一样寄生在意识里。好像所有不好的事情，都是我做的。
是我做的吗？
醒来又是好天气。
我问嫑嫑，这是真的吗？嫑嫑第一次没回答我，就像别人眼里的那样，像个玩偶。
我生来为了什么？那些仇恨的，美好的，失败的，成功的，都揉碎成一块苦涩的巧克力，却终究有人爱吃。巧克力和生活，梦境和现实，都会顺着时间融化，再凝固。
对呀，都是我做的哟。
总之，请不要忘记可可。"
27,周星星,大山深处的唢呐,SSR,积极向上桔叨叨,爱的盛世,"所有星系在此聚集，把宇宙变成一幅互相契合的拼图。
光年前破碎的大气层，在今日，也填满了象征希望的蓝。
重建的烂尾建筑，随着文化科技的并拢，焕然一新。
不断新生的宇宙，把象征破坏的撞击，变成独一无二的相遇。
放飞永生的机械和平鸽，前往无法被污染的净土。
这是我的期盼，也是全人类、全宇宙的期盼。
生命对爱的向往，就是如此周而复始。
就让期盼在这一刻实现吧！
一切不同，一切差异，都且不论。这里将是人类、是生命的全新开始——
大家好！我是巴别塔塔主，周星星！
“要是有人站在地面极目向上望，还能瞥见一个轻快的残影绕着塔身翩翩飞舞。快乐的歌声从天空飘然落下...”
再次欢迎您来到这片象征爱与快乐的土地！
“——WALALILONGLA！”"
28,周星星,大山深处的唢呐,SR,纳米大瓢,揭幕时刻,"“敬畏和惊愕中，一团闪烁的星芒尖叫着，顺着螺旋阶梯轻盈滑下：‘欢迎来到「巴别塔」揭幕现场！’”
把小机器人的天线，变成共振的魔法棒。 把被泡泡染成彩色的云朵，铺成柔软的红毯。
流星雨洋洋洒洒地经过，星球的碎片落到这片时空，变成盛大礼花。
两百岁的小熊跨着时代服务器赶来，载着飘荡的灵魂，跟随众人欢呼雀跃。
这何尝不是奇迹即将发生的证明！
亿万语言，一切文化，宇宙深处的、千奇百怪的意识，都顺着这只魔法棒的挥动，在此刻解码——
跨世纪的阶梯就在眼前，无隔阂的时代就此来临！"
29,周星星,大山深处的唢呐,SR,甜团子咸粽子,可爱意外,"“文化记忆、历史故事、身份认同、情感共鸣...不再有误解，也不再有隔阂！来，奔向你的TA！...”
狂欢般的开幕式，进行到九天零二十九分钟，搭建好公用频次的大家彼此分享着从家乡带来的礼物。
塔主依旧是最热情的那位。他换了几套衣服，在泡泡塔间不知疲倦地奔跑，神采奕奕地招呼新到来的朋友。
“哎呀！”
大家朝声音看去，只见塔主的跑鞋长出了翅膀，正往泡泡云那出走！似乎是不堪社交重负，就这样自己逃掉了。
千年后，大家聚在一起，谈及那场盛大的开幕，也会想起那个快乐的小小意外——星际记者抓拍下来的场面，成为了公认的宇宙名画。"
30,周星星,大山深处的唢呐,R,AMennnn___,甜点信号,"“来！快跟我一起去看看吧！”
巴别塔即将揭幕，拜访的消息从宇宙四面八方传来，塔主也跟着忙碌起来，他要开始准备招待新朋友的小点心，和能往来寄送的伴手礼。
换了一身糖果色涂鸦便装，方便干活！也方便把伪装成小行星的硬糖和面包吸引过来捕捉，这样零食礼包就不愁啦。
还需要一些蛋糕——这个很难从宇宙当中收集到呀。那就发散些名为“甜点”的通感信号吧！有蛋糕的口感，就有快乐的感觉！"
31,周星星,大山深处的唢呐,R,绿鲤鱼与驴说周深二专真好听,宇宙要闻,"“重磅新闻！人类史上最著名的烂尾建筑，终于在今日完工啦！”
他注视着米字星折射的颜色，用虚空键盘编辑数字讯号。
嗯，不错，嗯！第二十八版全体通讯敲定，就这样发出去吧！
...等等，这个地方再修改得有趣一点，那个地方再正式一点点...好！第二十九版！发出！
米字星的光耀眼起来，宇宙被点亮。
这新奇的讯息与日出一起，折射到世界的各个角落。这是历史性的召唤！"
32,周星星,大山深处的唢呐,R,绿鲤鱼与驴说周深二专真好听,稀有频率,"“只要你念一句WALA LI LONGLA！就能听懂任何一个TA的话！”
不止过去、未来与天空，深海幸存者也收到了传讯。
海底族群聚在一起，观察着自水面洒下的波纹。稀薄阳光都随之荡漾，信号里有遥远的信仰。好像波光粼粼的故乡。
塔主说，只要你们愿意，就能通过海浪，倾诉你们的困境——我能将深邃的海底变得一片斑斓！
不断往新海域迁徙的它们，第一次朝星空讲述自己的故事。"
33,周星星,大山深处的唢呐,R,AMennnn___,神话共鸣,"“这是为整个宇宙所有物种提供沟通服务的超级解码器！”
宣传语是那么说的。那这解码器，作用到底有多大呢？
据塔主身边的精灵说，巴别塔的科技，已先进到足以将话语信号、传播到亿万光年外的古国，并提供实时对话翻译，与神话中的生命取得了联系。
那神仙对巴别塔超有兴趣！打算把特产打包往我们的宇宙中送。塔主正准备建立速递通道呢！
还有传闻，塔主似乎就是在那片星云中诞生的。"
34,周星星,大山深处的唢呐,R,AMennnn___,畅销星品,"“只要你们愿意，就可以自由共享彼此的一切！”
自与古国成功建起速递通道后，礼物源源不断地发送过来。
每次签收都像拆盲盒，先是一串被气流和磁场打乱的数字讯息，噼里啪啦组合，一件小礼品就像实体打印那样呈现在眼前了！
运输试行阶段时，塔主每天都戴着来自古国的纪念品——那仿神仙造型的柔软头套。
各大宇宙星系得知此事，都与古国连接了交换频道，兔子头套已成为最受欢迎的宇宙单品！"
80,周星星,大山深处的唢呐,SP,Gululu苔古,灵魂涤旅,"欢迎收看宇宙之心-全新时代栏目，精彩稍后继续。
为您播放一则广告：
你还在担心文化差异吗？还在担心说出的信号，会失误传达吗？
你还在忧愁无法与全生命无界沟通吗？
还在为想倾诉的时候、链接不到彼此的真心而烦恼吗？
你还沉浸在无休止的隔阂之中吗？还被光年距离阻碍而无法前进吗？
你还为肉身无法跟随文明进步，感到沮丧吗？
你，想要至高无上的爱吗？
不要犹豫，加入巴别塔！我们拥有关于沟通与共鸣的最新科技，拥有培育爱等正向情感的纯净环境，和令所有人终生向往的情感寄托。
在这里，你将接收到与自我最为匹配的频率，你将获得感性知觉的升华。
就是此刻，一起洗净灵魂中的排异反应——我们将成为彼此相爱、彼此拥有的共同体。
云端中的巴别塔，等待迷茫的你到来。"
35,周果子,查米吗琳,SP,王久哔哔叭叭,WHO,"喘不过气、要无法呼吸了……
无数的视线几乎要将你压垮。
“商人，我向你乞求，我有一个秘密，请帮我把它藏起。不，干脆就让它沉入永恒的深渊吧！”
那明明是深埋骨髓、不可示人的！
“可你已经暴露了。”
“你对关注的渴求，在瞳孔之中熊熊燃烧，难道你不知道，爱就植根在这无尽的注视之中？”
可你厌烦了那些注视，他们在看谁？商人在看谁？瞳孔的倒影中，那个人分明就不是真正的你。
你应该神秘、脆弱、无人能懂，你渴望自由、肆意、不可一世，你选择谎言、伪装、失语、买醉、颠倒黑白……
你怎么能被看穿呢？你用尽了虚伪来粉饰自己的投影，你为了虚假的生机堆叠了无数的死意，现在，你却期待买到不见天日的保证——
成交！
在商人凄厉的笑声中，世界被迫睁大了眼睛，观看这一场盛大的活埋。葬礼上，所有目光都还“爱”着你。
不过很快，他们就要看清你了。"
36,周果子,查米吗琳,SSR,一颗秃头大米,回响,"记忆商店的熔炉中，时间的齿轮只懂得向前，所以商店陈列的一切，都来自很古老的年代。
流逝、流逝……每有一段旅程走向尽头，就有一个货架被塞满。
可你不想买别人的东西。
你想见到素昧平生的母亲，她会在谁的记忆之中？
你想要曾经被人夺走的欢愉，是谁在替我幸福着？
于是你叩响了商人的门，木门上雕刻着：潮汐可退，往事易追。
他站在海岸上，手握一块倒转的怀表——记忆研究院曾丢失了一模一样的。
“我能够将你送回老地方，但逆行者要支付对抗规则的代价。”
他身后是一片黑色的海，海浪自岸边向更深处涌去。他说倒流的海洋能够保护你的灵魂。
你缓缓沉入水中，听到如鬼魅的歌声，是商人。
“成为自己的橡皮和纸，去重写一切吧。”
“请不要失败，否则你我很快会再见面。”
——12.18，从手状生物中提取的记忆"
37,周果子,查米吗琳,SR,MaGuss_,幻象,"仿佛感应到你的迫切，神秘商人凭空出现了。
他坐在宝箱里啃着苹果，魔杖轻点，手中赫然多了一份清单。
“咳咳，我看看，你想要：显赫的家世，社会的认可，稳固的财富……这么多吗？高雅的喜好……你不能自己努力培养一下吗？怎么还有一匹温驯好马？……”
商人读完清单，回以狡黠的笑容。
“你确定要买这些吗？这些东西可不属于你。”
“胡、胡说！你变给我，不就属于我了！”
一阵破空的光芒后，你明白交易已经完成。
可每当深夜入梦，你坠落空中楼阁，耳边总是会响起隐隐的歌声：
幻象酿的糖，
缀满中空的衣裳，
饿醒现实的胃囊。"
38,周果子,查米吗琳,SR,王久哔哔叭叭,喉舌,"你从日复一日的研究中逃离，跟随指引来到记忆商店。
你渴求灵感与答案，在小店里遍寻陈旧的记忆，终于发现所有人的一生都将蹉跎于未知。你心如死灰，对伴随生命一起到来的无知感到痛恨。
你不再痴迷于学习，终于找到了那位“禁忌”的卖家，你凝视着他血色的瞳孔，祈祷自己被注入集古今之大成的智慧。
商人沉默地张开了嘴，衔出一粒青色晶石。
“这是你的天真。”
他将它嚼碎吞下的瞬间，你感到喉咙一紧。无尽的奥秘向你涌来，你惊喜万分，却只得回之以永久的沉默。
“还有，你的声音。”
“现在，知者不言。”"
39,周果子,查米吗琳,R,一颗秃头大米,灯枯,"太多错误的抉择，在你短暂的记忆中如同疤痕一般陈列。
神秘的商人提着灯，将你重新领回那些“破败不堪”的过去。
你分别穿过每一条岔路口，在构想过无数次的道路上狂奔。
可很快又陷入了熟悉的困境。你只得凭借明灭的灯光，仍旧回到商人的面前。
在他手中灯油即将燃尽的那一刻，你终于意识到：也许“后悔”才是那个最不堪的决定，可惜身后似乎已没有了回头路。
“要继续吗？”商人摇晃着那盏忽明忽暗的灯。“结局也许只有深渊哦。”"
40,周果子,查米吗琳,R,王久哔哔叭叭,禁忌,"你想买真实拥吻还是夜晚的狂欢？
不，那些都不足够，你要为循规蹈矩的一生寻求最有价值的那枚禁果。即使盘踞其中的毒蛇吐着鲜红的信子，即使商人告诉你代价仍是未知。
“可未知不就是最刺激的禁忌吗？”你兴奋地说道。“我不要保守、不要安全，我要释放，要自由！”
你将禁果一口咬下，还未尝到甜美的滋味，难以忍受的辛辣感便开始灼烧你的口腔。
从那以后，你再也没能找到通往伊甸的入口。"
41,周果子,查米吗琳,R,YiBaooooooor,反转,"“我讨厌自己的一切，我想要体验完全相反的人生。”
“即便你要撕裂自我认同，重塑一切认知吗？”
“那又如何？好了，代价是什么？”
一阵强光后，你感到手心多了一把钥匙。你迫不及待打开面前的门，第一眼看到的却是自己曾经的背影。
你越过自己，大步向前，向着已既定的结局。
“新生是一场灵魂的分娩，因此代价就是，当你明白对立终将走向共生时，觉悟的那一滴眼泪。”"
42,周果子,查米吗琳,R,YiBaooooooor,醉意,"为何痛苦的记忆总是清晰的？
为何幸福的记忆总是朦胧的？
落差感催生了对沉溺的渴望。你想：从商店买回的快乐是如此的轻盈易碎，还不如选择用酒精将痛苦腌渍成甜蜜的麻沸散。
商人递来一杯缤纷的鸡尾酒。
渐渐的，过往的折磨都变得真假莫辨，未来的坎坷都变得虚实难测。
痛觉和快感的界限被抹去，存在的轮廓也在逐渐溶解。
你躺在睡梦中，飘向了无知无觉的虚无。"
43,周果子,查米吗琳,R,MaGuss_,失真,"污浊的灵魂失去了祈祷的资格。你将虚无当作圣殿，将神秘商人当作最后的稻草。
交易既成，他拿走了你的心虚与不安，卖给你想要的安稳。
你顿感轻盈，仿佛曾经撒过的无数个谎顷刻间化为了泡沫。
回到生活中去吧，可为何迎接自己的是人们死一般的沉寂与仇恨的目光？
原来要抹去欺骗，就是被活活溺毙在谎言成真的深潭里。
“有人在看你的过去，你逃不出去。”"
44,周卡布,查米吗琳,SSR,满22221,他的心脏,"一个材料过于柔软的仿生人从长久的休眠中惊醒。
他对提前的苏醒感到迷茫，但熟悉的暖流在缓缓注入他的身体——是供能泵-1992型，用以储藏仿生人的养料。
供能泵还在工作吗？可为什么我会感到身上有无数的伤口正在疼痛？他痛苦地想。仿生人怎么会无法停止浑身的颤栗，并且泪流不止？
窸窸窣窣，窃窃私语。
喜怒哀乐，悲欢离合。
他忽然听到了什么，是灵魂的声音，无数的真正的灵魂，来自真实的人类，像萤火一样辉映共振，正依偎在他的身边喃喃低语着。
他们在讲述那些最初和最终，他们为他描述野花和月亮，他们发泄着无处可去的忧伤……
他听着，眼泪就汇成了小小的海洋。他说，请让我停止休眠吧，无法抵达未来也没关系，这些灵魂需要我，他们需要清晰的回声。
他开口，一枚蓝色的心脏就应运而生。
众生的祈愿包裹着小小的身影，托举起一颗真实的，人类的心脏。"
45,周卡布,查米吗琳,SR,下雨咯_做猫饭版,心念燎原,"整理照片的时候，才发现连相册的一页也没有贴满。
于是心里突然想，抹除这些痕迹未免太容易，也许只要一根火柴而已。
这算是悲观吗？可这也是事实……不过，至少还有一些网络数据。
不知道那些曾经喜欢听我唱歌的人过得还好吗？
他们之中，会有人想替我记录我吗？
怎么记录呢？没有照片啊。我也不喜欢拍照。
连二十页的相册都装不满。难道世界上的某个角落，会有人为我做一本大相册吗？
或许能保存在谁的U盘里面？或许能刻一张小小的光碟？磁带？
还会想起我吗？还会听到我吗？
……
马上要到寒冷的地方去了。
无数的疑问，灼烧心中稚嫩的草原。"
46,周卡布,查米吗琳,SR,下雨咯_做猫饭版,不做谁的花,"“这支花是……？”
“是朋友送的！我取了一支插上。”
我笑：“很少见这个场合送玫瑰。”
“老师您不会是来挖绯闻的吧……”
“是根据我的一首歌《玫瑰与小鹿》送的啦。”他指指自己。“您看，鹿角。”
我在一旁观察这位今日专访的主角，造型师正在为他试妆。他马上要登台自己的个唱，神情紧张，但时不时又会透过镜子对我微笑，再度专注时，就有哼唱声传到我耳边。
这次他要扮演一只小鹿，眼下有如泪的钻石。但我仍在想玫瑰，那已状似平常、却能在漫长的时间里保持高贵，寄托最绵长的情感的花朵。
花瓣上的露珠就要蒸发了，连同青涩与迷茫。"
47,周卡布,查米吗琳,R,胡同口卯時二刻,学习等待,"To：米子
你好！！谢谢你的来信！
你在信中提到“努力的过程太漫长太难熬了”，我懂！！这种感觉！但等待好像是我们需要从小到大一直慢慢去学的课题，我也不是很适应等待的感觉，可还是要忍到最后一刻，因为好像也没有办法不这样做吧？可是如果你觉得无聊了，可以去找朋友一起做这件事，或者自己给自己一点奖励(我小时候就会去买点洋芋粑粑补充能量哈哈哈哈
Ps：要记得好好吃饭哦！"
48,周卡布,查米吗琳,R,胡同口卯時二刻,新尝试,"2010.10.11
今天买到了几双很不错穿的新鞋子(其实我自己不太能看得出来好不好……汗-_-|||不过身边所有人都在强烈推荐诶
去上海的时候就发现有好多人都会根据衣服搭配不同风格的配饰0. 0的确很好看！！！但还是好穿什么的最重要！！！(偷偷说一句只在店里面试一下真的能感觉出来吗哈哈哈哈哈
要不要发个围脖分享一下？可是又好像没什么好说的~
算了，什么都不要说了，一切尽在不言中，咩哈哈……"
49,周卡布,查米吗琳,R,满22221,启航,"卡布叻号 2020年7月8日
天气：多云+阵雨 地点：海上（笑）
记录：船长（第1天）
筹备了近一周的时间，眼下到了要出发的日子。天气虽不是最佳，但相信宝藏的所在地会有美好的风景。眼下还不是挂帆的时候，大约要再等两星期吧……届时就让风浪带我们去往各地，不知道会有怎样的邂逅与冒险呢？
……
记录：？（第1843天）
@%^&:/”$!
“喂！八只脚的家伙！”
船长从机械青鸟的背上一跃而下。
“不许趁我不在的时候在航海日记上乱涂乱画！”"
50,周卡布,查米吗琳,R,头号库克,好朋友,“什么声音？我在吃鸡蛋呢，煎的——其实我不太喜欢吃蛋黄耶，感觉会有点腥……可是很有营养不可以浪费所以还是吃咯。溏心蛋？救命溏心蛋怎么吃！不是不是对不起，因为我觉得还是有点不、熟？咳嗯没关系啊只要我们之间熟就可以啦！！Yuer！突然开始油腻。母鸡从小就是我的朋友呀，你们没有从鸡窝捡过鸡蛋吗？摸起来热热的叻。对呀~布丁是不是也是鸡蛋做的！所以说鸡蛋真的是好朋友~”
51,周卡布,查米吗琳,R,头号库克,我听见你,"手机相册中的一张截图，看起来似乎是在尝试录音。
不对，看起来这么开心的话，应该是在直播吧？
总共在这个话筒前坐了多少个小时，一点印象也没有了。
匿名唱给别人听的安心感，和与弹幕对话的紧张，倒是历历在目。
现在我能看清他们的脸了，和我想象的一样亲切。
甚至还有小朋友。甚至还有爷爷奶奶……
瞧你，你呀你呀，这样地笑着，也没有料到吧？
就算摘下了耳机，听见的也还是爱意。"
81,周卡布,查米吗琳,SP,满22221,共生&生长,"以生命为长度单位，人类创造出许多优秀的故事。
起笔不外乎剖析自己，年轻的孩子，心往里面沉，可只找到只言片语、寥寥相纸。
他还有旅途漫漫，在风中，雨中，有时面对暴雪。他跑得气喘吁吁，身形摇摇欲坠。
他拾起被人们视为负重而丢掉的那些东西。
也收起短暂同行之人友好的问候，或满腹的牢骚。
没装满的存钱筒，收到的第一束花，他统统接纳。单薄的外壳，成了世间凡尘的归处。
这些由我来珍重吧，他想，就放到我的心里面去。
他再一次把心沉下去，这一次，他看到了另一个自己。
坚定的，沉稳的，在众人的光辉之上，还有耀眼的底色。
我们接力换手吧，年轻的孩子说。
他捧出一颗星星。
收下我的血肉，种作你的根脉，见证你我承诺。
待你茁壮，这个世界也许会记起那些，空壳之所以为空壳的故事。
待你盛放，这个世界将再也不会忘记，我们以后创作的那些故事。"
52,,大山深处的唢呐,N,甜团子咸粽子,特写,"周深的宠物（不跟着版）。
老板曾表示：不要给特写啦！！"
53,,大山深处的唢呐,N,甜团子咸粽子,N之经典,"一位非常经典的N卡帚神。
据说是陈年老梗了，但既然提到卡牌就会被反复翻新，都卡牌企划了怎么能没有他呢。"
54,,大山深处的唢呐,N,氵衮去看书,暗自联动,"可可们喊着羁绊啊联动啊就那么冲过来了。
至于嫑嫑是来干啥的，不知道，可能是参演吧。总之可可（们）都说这锅很重要，于是给了他最大的镜头。"
55,,大山深处的唢呐,N,大山深处的唢呐,团结一芯,"这就是我们的——白T合唱团！
不存在扰民哦，只是会出现在你的梦里。
（我真写不出来了，谁来救一下，直接在表格里改就行了不用问我）"
56,,查米吗琳,N,胡同口卯時二刻,章鱼锅,CN：周嫑嫑
57,,查米吗琳,N,啾星原产果冻现摘现发,萌前大桥下,咕嘎咕嘎，嫑淋湿啦
58,,大山深处的唢呐,N,一锅望仔,喜欢米来,"可可巧克力广告！吃得开心吃得饱。
——代言人嫑嫑。
列入年度广告合集。"
59,,大山深处的唢呐,N,迷匣匣匣,就一勺,"我们可以去你家吃饭吗.jpg
你好，我们就吃一口.jpg"
60,,大山深处的唢呐,N,MaGuss_,果师傅专业修锅,"可可工厂紧急加工的时候请到的支援：
给所有残次嫑整形的裁缝果子。
手手们这辈子也没想到自己有从事该行业的时候。
效率很高，五星好评。"
61,,大山深处的唢呐,N,大山深处的唢呐,抢票准备,"周果子在进行抢票准备。
其实他自己有票，但据说老板这个男人实在太烫了，老板又说自己人也必须严格按票进场，导致部分手手目前没票。"
62,,大山深处的唢呐,N,邪恶小毛米,体检报告,"又是可可娃大受欢迎的一天。
今日的可服也收到了提问：要给可可买衣服啦，可可要穿什么尺码的鞋呀？
有的，尺码有的。等一下，这个数据...你在给谁量？不是给这个可可量啊！！！"
63,,大山深处的唢呐,N,大山深处的唢呐,炫耀启示,"老板之炫耀可可启示。
据说其他成员目前都没抢到———也不知道是谁打印了那么多反正现在工作室到处都是这张图到底谁来管管！！"
64,,查米吗琳,N,某个画画的王工头,亮相,大萌术师上场啦！哦，什么……？是小魔术师？真的…？
65,,查米吗琳,N,某个画画的王工头,情长,看得到吗？我对你的爱在漫天飞舞呢，连风都来祝福
66,,查米吗琳,N,某个画画的王工头,稚时,丝巾缠得到处都是！那怎么啦？猫就是会这么干！
67,,查米吗琳,N,某个画画的王工头,725,别管我从哪里掏出来的啦！反正祝你生日快乐！请吃大西嘎
68,,查米吗琳,N,某个画画的王工头,萌动,拧出来的花和我这朵小fa，谁比较好看？小心陷阱题哟
69,,查米吗琳,N,某个画画的王工头,炽热,“你说我们要不要在一起~”什么告白？我没说啊！一定是天太热你出现了幻觉
70,,查米吗琳,N,某个画画的王工头,试探,如果这朵玫瑰向你飞了过去，那我藏起来的小心思该怎么办
71,,查米吗琳,N,某个画画的王工头,倾覆,就算喝了也不会再长高，你们也要相信这是一杯真的牛奶好不好
72,,查米吗琳,N,某个画画的王工头,咕咕,当个鸽手也很不错呢，就算我其实是内卷大王
73,,查米吗琳,N,某个画画的王工头,深米不动产,别墅一幢三套间，大庇天下米米俱欢颜，风雨不动安如山
74,,查米吗琳,N,某个画画的王工头,鱼雷来袭,今天给大家整点现代人的活！这位是第一次当现代人，包容包容
75,,查米吗琳,N,某个画画的王工头,小猫你能吃,可可复刻了麦麦的秘方，震撼美味！那么到底有多好吃呢！等会…咦…怎么抠不出来…
76,,查米吗琳,N,某个画画的王工头,排排坐,谁说的小凳子就该给小个子坐，站出来，背一下公主的名字
77,,查米吗琳,N,某个画画的王工头,记得买电池,天哪，没一个道具是省心的！不过没关系，你们有我就够了，对吧？
78,,查米吗琳,N,某个画画的王工头,劳模,听好了，这是真魔方，不是纸盒子，这是实心的，不是空心的……
79,,查米吗琳,N,某个画画的王工头,花言巧雨,"正适合下雨天，你我共用一把伞~另一把就给摄影师吧，我要他把我们都拍下来

(这个系列咋这么多，写活我了)"
82,,大山深处的唢呐,N,YiBaooooooor,可好猜了,无奖竞猜，打一成语，好难猜呀。
83,,大山深处的唢呐,N,NANANNNNNNN-,好多米啊,"好多米啊。
哇塞，
真的好多米啊。"
84,,大山深处的唢呐,N,NANANNNNNNN-,艺术品,"猫有什么错！你不许说猫有错。
什么叫他踩到了？这就是他创作的艺术品！"
85,,AAAray烤布蕾糖师傅,N,AAAray烤布蕾糖师傅,异宠遛弯,"200年后的某一天，热心市民周先生正在饭后散步，他的异宠乖巧地跟随在他的身边。
周先生是一个守法有道德的人，可爱的宠物们都被好好地拴上了绳。
今天天气可真好啊。"
86,,查米吗琳,N,查米吗琳,贝雷帽宇宙,"是谁穿了我（的衣服）！
而我又穿了谁（的衣服）！！"
87,,查米吗琳,N,cc三百首,审美积累,卢●宫展出的大作，但据说还只是大师高仿
